Team1,Team2,Game Date,W/L
OKC,MIL,04/17/2013,L
LAC,SAC,04/17/2013,W
SAC,LAC,04/17/2013,L
MIN,SAS,04/17/2013,W
SAS,MIN,04/17/2013,L
DAL,NOH,04/17/2013,W
GSW,POR,04/17/2013,W
WAS,CHI,04/17/2013,L
CHI,WAS,04/17/2013,W
BOS,TOR,04/17/2013,L
TOR,BOS,04/17/2013,W
MIL,OKC,04/17/2013,W
LAL,HOU,04/17/2013,W
UTA,MEM,04/17/2013,L
DEN,PHX,04/17/2013,W
PHX,DEN,04/17/2013,L
ATL,NYK,04/17/2013,L
NYK,ATL,04/17/2013,W
ORL,MIA,04/17/2013,L
NOH,DAL,04/17/2013,L
MEM,UTA,04/17/2013,W
CLE,CHA,04/17/2013,L
MIA,ORL,04/17/2013,W
DET,BKN,04/17/2013,L
BKN,DET,04/17/2013,W
HOU,LAL,04/17/2013,L
PHI,IND,04/17/2013,W
CHA,CLE,04/17/2013,W
IND,PHI,04/17/2013,L
POR,GSW,04/17/2013,L
POR,LAC,04/16/2013,L
LAC,POR,04/16/2013,W
ATL,TOR,04/16/2013,L
TOR,ATL,04/16/2013,W
BOS,IND,04/16/2013,
IND,BOS,04/16/2013,
SAC,OKC,04/15/2013,L
OKC,SAC,04/15/2013,W
DET,PHI,04/15/2013,W
MIA,CLE,04/15/2013,W
BKN,WAS,04/15/2013,W
GSW,SAS,04/15/2013,W
CLE,MIA,04/15/2013,L
MEM,DAL,04/15/2013,W
DAL,MEM,04/15/2013,L
WAS,BKN,04/15/2013,L
PHI,DET,04/15/2013,L
SAS,GSW,04/15/2013,L
ORL,CHI,04/15/2013,L
MIL,DEN,04/15/2013,L
HOU,PHX,04/15/2013,L
PHX,HOU,04/15/2013,W
DEN,MIL,04/15/2013,W
CHA,NYK,04/15/2013,W
CHI,ORL,04/15/2013,W
NYK,CHA,04/15/2013,L
UTA,MIN,04/15/2013,W
MIN,UTA,04/15/2013,L
LAL,SAS,04/14/2013,W
IND,NYK,04/14/2013,L
NYK,IND,04/14/2013,W
SAS,LAL,04/14/2013,L
POR,DEN,04/14/2013,L
DEN,POR,04/14/2013,W
SAC,HOU,04/14/2013,L
NOH,DAL,04/14/2013,L
DAL,NOH,04/14/2013,W
TOR,BKN,04/14/2013,W
BKN,TOR,04/14/2013,L
HOU,SAC,04/14/2013,W
CHI,MIA,04/14/2013,L
MIA,CHI,04/14/2013,W
PHI,CLE,04/14/2013,W
CLE,PHI,04/14/2013,L
MEM,LAC,04/13/2013,L
LAC,MEM,04/13/2013,W
MIL,CHA,04/13/2013,L
PHX,MIN,04/13/2013,L
MIN,PHX,04/13/2013,W
BOS,ORL,04/13/2013,W
ORL,BOS,04/13/2013,L
CHA,MIL,04/13/2013,W
NOH,LAC,04/12/2013,L
ATL,MIL,04/12/2013,W
DET,CHA,04/12/2013,W
CHA,DET,04/12/2013,L
CLE,NYK,04/12/2013,L
NYK,CLE,04/12/2013,W
TOR,CHI,04/12/2013,W
CHI,TOR,04/12/2013,L
MIA,BOS,04/12/2013,W
MIN,UTA,04/12/2013,L
UTA,MIN,04/12/2013,W
BOS,MIA,04/12/2013,L
DEN,DAL,04/12/2013,L
BKN,IND,04/12/2013,W
IND,BKN,04/12/2013,L
SAC,SAS,04/12/2013,L
DAL,DEN,04/12/2013,W
SAS,SAC,04/12/2013,W
HOU,MEM,04/12/2013,L
WAS,PHI,04/12/2013,L
PHI,WAS,04/12/2013,W
MEM,HOU,04/12/2013,W
POR,OKC,04/12/2013,L
OKC,POR,04/12/2013,W
LAL,GSW,04/12/2013,W
LAC,NOH,04/12/2013,W
GSW,LAL,04/12/2013,L
MIL,ATL,04/12/2013,L
OKC,GSW,04/11/2013,W
GSW,OKC,04/11/2013,L
CHI,NYK,04/11/2013,W
NYK,CHI,04/11/2013,L
ATL,PHI,04/10/2013,W
PHX,DAL,04/10/2013,W
SAC,NOH,04/10/2013,W
NOH,SAC,04/10/2013,L
CLE,DET,04/10/2013,L
DET,CLE,04/10/2013,W
DEN,SAS,04/10/2013,W
POR,LAL,04/10/2013,L
LAL,POR,04/10/2013,W
SAS,DEN,04/10/2013,L
PHI,ATL,04/10/2013,L
DAL,PHX,04/10/2013,L
WAS,MIA,04/10/2013,L
MIA,WAS,04/10/2013,W
ORL,MIL,04/10/2013,W
MIN,LAC,04/10/2013,L
LAC,MIN,04/10/2013,W
BKN,BOS,04/10/2013,W
MIL,ORL,04/10/2013,L
BOS,BKN,04/10/2013,L
CHA,MEM,04/09/2013,L
CHI,TOR,04/09/2013,L
NOH,LAL,04/09/2013,L
UTA,OKC,04/09/2013,L
MIA,MIL,04/09/2013,W
MIL,MIA,04/09/2013,L
OKC,UTA,04/09/2013,W
HOU,PHX,04/09/2013,W
PHX,HOU,04/09/2013,L
MEM,CHA,04/09/2013,W
CLE,IND,04/09/2013,L
IND,CLE,04/09/2013,W
TOR,CHI,04/09/2013,W
LAL,NOH,04/09/2013,W
MIN,GSW,04/09/2013,L
GSW,MIN,04/09/2013,W
WAS,NYK,04/09/2013,L
NYK,WAS,04/09/2013,W
BKN,PHI,04/09/2013,W
PHI,BKN,04/09/2013,L
DAL,POR,04/07/2013,W
BOS,WAS,04/07/2013,W
WAS,BOS,04/07/2013,L
POR,DAL,04/07/2013,L
DET,CHI,04/07/2013,W
CHI,DET,04/07/2013,L
NYK,OKC,04/07/2013,W
ORL,CLE,04/07/2013,L
CLE,ORL,04/07/2013,W
OKC,NYK,04/07/2013,L
LAL,LAC,04/07/2013,L
LAC,LAL,04/07/2013,W
NOH,PHX,04/07/2013,W
PHX,NOH,04/07/2013,L
UTA,GSW,04/07/2013,W
GSW,UTA,04/07/2013,L
MEM,SAC,04/07/2013,W
SAC,MEM,04/07/2013,L
BKN,CHA,04/06/2013,W
IND,WAS,04/06/2013,L
SAS,ATL,04/06/2013,W
ATL,SAS,04/06/2013,L
MIA,PHI,04/06/2013,W
PHI,MIA,04/06/2013,L
CHA,BKN,04/06/2013,L
TOR,MIL,04/06/2013,L
MIL,TOR,04/06/2013,W
WAS,IND,04/06/2013,W
DEN,HOU,04/06/2013,W
DET,MIN,04/06/2013,L
MIN,DET,04/06/2013,W
HOU,DEN,04/06/2013,L
IND,OKC,04/05/2013,L
PHX,GSW,04/05/2013,L
CLE,BOS,04/05/2013,W
BOS,CLE,04/05/2013,L
NOH,UTA,04/05/2013,L
MEM,LAL,04/05/2013,L
CHA,MIA,04/05/2013,L
TOR,MIN,04/05/2013,W
MIN,TOR,04/05/2013,L
POR,HOU,04/05/2013,L
SAC,DAL,04/05/2013,L
LAL,MEM,04/05/2013,W
ORL,CHI,04/05/2013,L
CHI,ORL,04/05/2013,W
UTA,NOH,04/05/2013,W
ATL,PHI,04/05/2013,L
DAL,SAC,04/05/2013,W
HOU,POR,04/05/2013,W
PHI,ATL,04/05/2013,W
MIL,NYK,04/05/2013,L
NYK,MIL,04/05/2013,W
GSW,PHX,04/05/2013,W
OKC,IND,04/05/2013,W
MIA,CHA,04/05/2013,W
OKC,SAS,04/04/2013,W
SAS,OKC,04/04/2013,L
DAL,DEN,04/04/2013,L
DEN,DAL,04/04/2013,W
BKN,CHI,04/04/2013,L
CHI,BKN,04/04/2013,W
HOU,SAC,04/03/2013,W
NOH,GSW,04/03/2013,L
NYK,ATL,04/03/2013,W
PHI,CHA,04/03/2013,L
CHA,PHI,04/03/2013,W
MIL,MIN,04/03/2013,L
GSW,NOH,04/03/2013,W
MEM,POR,04/03/2013,W
LAC,PHX,04/03/2013,W
PHX,LAC,04/03/2013,L
POR,MEM,04/03/2013,L
DET,BOS,04/03/2013,L
BOS,DET,04/03/2013,W
MIN,MIL,04/03/2013,W
SAC,HOU,04/03/2013,L
ATL,NYK,04/03/2013,L
ORL,SAS,04/03/2013,L
SAS,ORL,04/03/2013,W
CLE,BKN,04/03/2013,L
BKN,CLE,04/03/2013,W
TOR,WAS,04/03/2013,W
DEN,UTA,04/03/2013,W
WAS,TOR,04/03/2013,L
UTA,DEN,04/03/2013,L
LAL,DAL,04/02/2013,W
MIA,NYK,04/02/2013,L
NYK,MIA,04/02/2013,W
CHI,WAS,04/02/2013,L
DAL,LAL,04/02/2013,L
WAS,CHI,04/02/2013,W
IND,LAC,04/01/2013,W
MIN,BOS,04/01/2013,W
BOS,MIN,04/01/2013,L
ORL,HOU,04/01/2013,L
TOR,DET,04/01/2013,L
DET,TOR,04/01/2013,W
HOU,ORL,04/01/2013,W
MIL,CHA,04/01/2013,W
CHA,MIL,04/01/2013,L
CLE,ATL,04/01/2013,L
LAC,IND,04/01/2013,L
SAS,MEM,04/01/2013,L
MEM,SAS,04/01/2013,W
UTA,POR,04/01/2013,W
ATL,CLE,04/01/2013,W
POR,UTA,04/01/2013,L
CHI,DET,03/31/2013,W
MIA,SAS,03/31/2013,W
BOS,NYK,03/31/2013,L
NYK,BOS,03/31/2013,W
DET,CHI,03/31/2013,L
NOH,CLE,03/31/2013,W
CLE,NOH,03/31/2013,L
WAS,TOR,03/31/2013,W
TOR,WAS,03/31/2013,L
SAS,MIA,03/31/2013,L
ORL,ATL,03/30/2013,L
ATL,ORL,03/30/2013,W
GSW,POR,03/30/2013,W
CHA,PHI,03/30/2013,L
MEM,MIN,03/30/2013,W
MIN,MEM,03/30/2013,L
CHI,DAL,03/30/2013,L
DAL,CHI,03/30/2013,W
UTA,BKN,03/30/2013,W
BKN,UTA,03/30/2013,L
PHX,IND,03/30/2013,L
IND,PHX,03/30/2013,W
SAC,LAL,03/30/2013,L
LAL,SAC,03/30/2013,W
POR,GSW,03/30/2013,L
LAC,HOU,03/30/2013,L
OKC,MIL,03/30/2013,W
HOU,LAC,03/30/2013,W
PHI,CHA,03/30/2013,W
MIL,OKC,03/30/2013,L
BKN,DEN,03/29/2013,L
CHA,NYK,03/29/2013,L
MIA,NOH,03/29/2013,W
NOH,MIA,03/29/2013,L
NYK,CHA,03/29/2013,W
BOS,ATL,03/29/2013,W
PHI,CLE,03/29/2013,W
DEN,BKN,03/29/2013,W
ATL,BOS,03/29/2013,L
TOR,DET,03/29/2013,W
DET,TOR,03/29/2013,L
CLE,PHI,03/29/2013,L
OKC,MIN,03/29/2013,L
UTA,POR,03/29/2013,W
POR,UTA,03/29/2013,L
LAC,SAS,03/29/2013,L
MIN,OKC,03/29/2013,W
SAS,LAC,03/29/2013,W
HOU,MEM,03/29/2013,L
MEM,HOU,03/29/2013,W
ORL,WAS,03/29/2013,W
WAS,ORL,03/29/2013,L
SAC,PHX,03/28/2013,W
PHX,SAC,03/28/2013,L
DAL,IND,03/28/2013,L
IND,DAL,03/28/2013,W
LAL,MIL,03/28/2013,L
MIL,LAL,03/28/2013,W
OKC,WAS,03/27/2013,W
MIN,LAL,03/27/2013,L
LAL,MIN,03/27/2013,W
WAS,OKC,03/27/2013,L
PHX,UTA,03/27/2013,L
UTA,PHX,03/27/2013,W
DEN,SAS,03/27/2013,L
ORL,CHA,03/27/2013,L
CHA,ORL,03/27/2013,W
NYK,MEM,03/27/2013,W
BOS,CLE,03/27/2013,W
MEM,NYK,03/27/2013,L
SAS,DEN,03/27/2013,W
IND,HOU,03/27/2013,W
CLE,BOS,03/27/2013,L
HOU,IND,03/27/2013,L
ATL,TOR,03/27/2013,W
LAC,NOH,03/27/2013,W
NOH,LAC,03/27/2013,L
TOR,ATL,03/27/2013,L
GSW,SAC,03/27/2013,L
SAC,GSW,03/27/2013,W
POR,BKN,03/27/2013,L
MIA,CHI,03/27/2013,L
CHI,MIA,03/27/2013,W
MIL,PHI,03/27/2013,L
PHI,MIL,03/27/2013,W
BKN,POR,03/27/2013,W
MIN,DET,03/26/2013,W
DET,MIN,03/26/2013,L
NYK,BOS,03/26/2013,W
BOS,NYK,03/26/2013,L
LAC,DAL,03/26/2013,L
DAL,LAC,03/26/2013,W
IND,ATL,03/25/2013,W
PHI,UTA,03/25/2013,L
UTA,PHI,03/25/2013,W
ATL,IND,03/25/2013,L
MEM,WAS,03/25/2013,L
WAS,MEM,03/25/2013,W
MIA,ORL,03/25/2013,W
ORL,MIA,03/25/2013,L
LAL,GSW,03/25/2013,L
GSW,LAL,03/25/2013,W
DEN,NOH,03/25/2013,L
NOH,DEN,03/25/2013,W
SAC,PHI,03/24/2013,L
PHI,SAC,03/24/2013,W
HOU,SAS,03/24/2013,W
SAS,HOU,03/24/2013,L
POR,OKC,03/24/2013,L
OKC,POR,03/24/2013,W
UTA,DAL,03/24/2013,L
DAL,UTA,03/24/2013,W
ATL,MIL,03/24/2013,W
MIL,ATL,03/24/2013,L
CHA,MIA,03/24/2013,L
MIA,CHA,03/24/2013,W
MIN,CHI,03/24/2013,L
CHI,MIN,03/24/2013,W
PHX,BKN,03/24/2013,L
BKN,PHX,03/24/2013,W
WAS,GSW,03/23/2013,L
CHA,DET,03/23/2013,L
MEM,BOS,03/23/2013,W
DET,CHA,03/23/2013,W
GSW,WAS,03/23/2013,W
LAC,BKN,03/23/2013,W
BKN,LAC,03/23/2013,L
BOS,MEM,03/23/2013,L
NYK,TOR,03/23/2013,W
TOR,NYK,03/23/2013,L
IND,CHI,03/23/2013,L
CHI,IND,03/23/2013,W
SAC,DEN,03/23/2013,L
DEN,SAC,03/23/2013,W
LAL,WAS,03/22/2013,L
WAS,LAL,03/22/2013,W
POR,ATL,03/22/2013,W
DAL,BOS,03/22/2013,W
BOS,DAL,03/22/2013,L
NYK,TOR,03/22/2013,W
TOR,NYK,03/22/2013,L
SAS,UTA,03/22/2013,W
UTA,SAS,03/22/2013,L
ATL,POR,03/22/2013,L
CLE,HOU,03/22/2013,L
HOU,CLE,03/22/2013,W
ORL,OKC,03/22/2013,L
DET,MIA,03/22/2013,L
OKC,ORL,03/22/2013,W
PHX,MIN,03/22/2013,L
MIN,PHX,03/22/2013,W
MEM,NOH,03/22/2013,L
NOH,MEM,03/22/2013,W
MIA,DET,03/22/2013,W
MIL,IND,03/22/2013,L
IND,MIL,03/22/2013,W
MIN,SAC,03/21/2013,L
POR,CHI,03/21/2013,W
DEN,PHI,03/21/2013,W
CHI,POR,03/21/2013,L
PHI,DEN,03/21/2013,L
SAC,MIN,03/21/2013,W
SAS,GSW,03/20/2013,W
GSW,SAS,03/20/2013,L
ATL,MIL,03/20/2013,W
MIL,ATL,03/20/2013,L
LAC,PHI,03/20/2013,W
CLE,MIA,03/20/2013,L
MIA,CLE,03/20/2013,W
PHI,LAC,03/20/2013,L
NOH,BOS,03/20/2013,W
ORL,NYK,03/20/2013,L
BOS,NOH,03/20/2013,L
NYK,ORL,03/20/2013,W
OKC,MEM,03/20/2013,L
WAS,PHX,03/20/2013,W
MEM,OKC,03/20/2013,W
TOR,CHA,03/20/2013,L
PHX,WAS,03/20/2013,L
DAL,BKN,03/20/2013,L
BKN,DAL,03/20/2013,W
UTA,HOU,03/20/2013,L
HOU,UTA,03/20/2013,W
CHA,TOR,03/20/2013,W
IND,ORL,03/19/2013,W
ORL,IND,03/19/2013,L
LAC,SAC,03/19/2013,L
DEN,OKC,03/19/2013,W
SAC,LAC,03/19/2013,W
MIL,POR,03/19/2013,W
POR,MIL,03/19/2013,L
OKC,DEN,03/19/2013,L
DAL,ATL,03/18/2013,W
PHX,LAL,03/18/2013,W
PHI,POR,03/18/2013,W
MIN,MEM,03/18/2013,L
MEM,MIN,03/18/2013,W
POR,PHI,03/18/2013,L
DEN,CHI,03/18/2013,W
ATL,DAL,03/18/2013,L
CLE,IND,03/18/2013,L
IND,CLE,03/18/2013,W
BKN,DET,03/18/2013,W
CHI,DEN,03/18/2013,L
LAL,PHX,03/18/2013,L
DET,BKN,03/18/2013,L
CHA,WAS,03/18/2013,W
WAS,CHA,03/18/2013,L
BOS,MIA,03/18/2013,L
MIA,BOS,03/18/2013,W
UTA,NYK,03/18/2013,L
NYK,UTA,03/18/2013,W
NOH,GSW,03/18/2013,L
GSW,NOH,03/18/2013,W
HOU,GSW,03/17/2013,L
GSW,HOU,03/17/2013,W
TOR,MIA,03/17/2013,L
SAC,LAL,03/17/2013,L
LAL,SAC,03/17/2013,W
MIA,TOR,03/17/2013,W
DAL,OKC,03/17/2013,L
OKC,DAL,03/17/2013,W
NYK,LAC,03/17/2013,L
LAC,NYK,03/17/2013,W
NOH,MIN,03/17/2013,L
MIN,NOH,03/17/2013,W
ATL,BKN,03/17/2013,W
BKN,ATL,03/17/2013,L
MIL,ORL,03/17/2013,W
ORL,MIL,03/17/2013,L
CHA,BOS,03/16/2013,L
CLE,SAS,03/16/2013,L
BOS,CHA,03/16/2013,W
PHX,WAS,03/16/2013,L
SAS,CLE,03/16/2013,W
WAS,PHX,03/16/2013,W
DET,POR,03/16/2013,L
POR,DET,03/16/2013,W
PHI,IND,03/16/2013,W
IND,PHI,03/16/2013,L
MEM,UTA,03/16/2013,L
UTA,MEM,03/16/2013,W
LAL,IND,03/15/2013,W
DAL,CLE,03/15/2013,W
CHA,TOR,03/15/2013,L
TOR,CHA,03/15/2013,W
IND,LAL,03/15/2013,L
GSW,CHI,03/15/2013,L
CHI,GSW,03/15/2013,W
OKC,ORL,03/15/2013,W
CLE,DAL,03/15/2013,L
ORL,OKC,03/15/2013,L
MIN,HOU,03/15/2013,L
HOU,MIN,03/15/2013,W
MIL,MIA,03/15/2013,L
ATL,PHX,03/15/2013,W
PHX,ATL,03/15/2013,L
WAS,NOH,03/15/2013,W
NOH,WAS,03/15/2013,L
MIA,MIL,03/15/2013,W
DEN,MEM,03/15/2013,W
MEM,DEN,03/15/2013,L
NYK,POR,03/14/2013,L
POR,NYK,03/14/2013,W
DAL,SAS,03/14/2013,L
SAS,DAL,03/14/2013,W
UTA,OKC,03/13/2013,L
MIL,WAS,03/13/2013,L
WAS,MIL,03/13/2013,W
OKC,UTA,03/13/2013,W
ATL,LAL,03/13/2013,W
LAL,ATL,03/13/2013,L
SAC,CHI,03/13/2013,W
DET,GSW,03/13/2013,L
GSW,DET,03/13/2013,W
MIA,PHI,03/13/2013,W
CHI,SAC,03/13/2013,L
TOR,BOS,03/13/2013,L
MEM,LAC,03/13/2013,W
BOS,TOR,03/13/2013,W
PHI,MIA,03/13/2013,L
HOU,PHX,03/13/2013,W
NYK,DEN,03/13/2013,L
DEN,NYK,03/13/2013,W
PHX,HOU,03/13/2013,L
IND,MIN,03/13/2013,W
MIN,IND,03/13/2013,L
LAC,MEM,03/13/2013,L
WAS,CLE,03/12/2013,L
MEM,POR,03/12/2013,W
POR,MEM,03/12/2013,L
ATL,MIA,03/12/2013,L
LAL,ORL,03/12/2013,W
DAL,MIL,03/12/2013,W
MIL,DAL,03/12/2013,L
MIA,ATL,03/12/2013,W
ORL,LAL,03/12/2013,L
MIN,SAS,03/12/2013,W
SAS,MIN,03/12/2013,L
NOH,BKN,03/12/2013,L
BKN,NOH,03/12/2013,W
CHA,BOS,03/12/2013,W
BOS,CHA,03/12/2013,L
CLE,WAS,03/12/2013,W
SAS,OKC,03/11/2013,W
OKC,SAS,03/11/2013,L
DET,UTA,03/11/2013,L
GSW,NYK,03/11/2013,W
NYK,GSW,03/11/2013,L
DEN,PHX,03/11/2013,W
PHX,DEN,03/11/2013,L
BKN,PHI,03/11/2013,L
PHI,BKN,03/11/2013,W
UTA,DET,03/11/2013,W
PHI,ORL,03/10/2013,L
OKC,BOS,03/10/2013,W
SAC,MIL,03/10/2013,L
MIL,SAC,03/10/2013,W
NOH,POR,03/10/2013,W
POR,NOH,03/10/2013,L
IND,MIA,03/10/2013,L
BOS,OKC,03/10/2013,L
CHI,LAL,03/10/2013,L
LAL,CHI,03/10/2013,W
ORL,PHI,03/10/2013,W
MIA,IND,03/10/2013,W
LAC,DET,03/10/2013,W
CLE,TOR,03/10/2013,L
TOR,CLE,03/10/2013,W
DET,LAC,03/10/2013,L
MIN,DAL,03/10/2013,L
DAL,MIN,03/10/2013,W
CHA,WAS,03/09/2013,L
WAS,CHA,03/09/2013,W
DEN,MIN,03/09/2013,W
MIN,DEN,03/09/2013,L
NOH,MEM,03/09/2013,L
MEM,NOH,03/09/2013,W
UTA,NYK,03/09/2013,L
NYK,UTA,03/09/2013,W
MIL,GSW,03/09/2013,W
GSW,MIL,03/09/2013,L
ATL,BKN,03/09/2013,L
BKN,ATL,03/09/2013,W
HOU,PHX,03/09/2013,L
PHX,HOU,03/09/2013,W
PHI,MIA,03/08/2013,L
MIA,PHI,03/08/2013,W
BKN,WAS,03/08/2013,W
WAS,BKN,03/08/2013,L
MEM,CLE,03/08/2013,W
CLE,MEM,03/08/2013,L
ATL,BOS,03/08/2013,L
UTA,CHI,03/08/2013,L
CHI,UTA,03/08/2013,W
BOS,ATL,03/08/2013,W
OKC,CHA,03/08/2013,W
CHA,OKC,03/08/2013,L
POR,SAS,03/08/2013,W
ORL,IND,03/08/2013,L
PHX,SAC,03/08/2013,L
SAC,PHX,03/08/2013,W
DAL,DET,03/08/2013,W
DET,DAL,03/08/2013,L
HOU,GSW,03/08/2013,W
GSW,HOU,03/08/2013,L
IND,ORL,03/08/2013,W
TOR,LAL,03/08/2013,L
LAL,TOR,03/08/2013,W
SAS,POR,03/08/2013,L
NYK,OKC,03/07/2013,L
OKC,NYK,03/07/2013,W
LAC,DEN,03/07/2013,L
DEN,LAC,03/07/2013,W
LAC,MIL,03/06/2013,W
MIA,ORL,03/06/2013,W
MIL,LAC,03/06/2013,L
ATL,PHI,03/06/2013,W
UTA,CLE,03/06/2013,L
ORL,MIA,03/06/2013,L
CLE,UTA,03/06/2013,W
DET,NYK,03/06/2013,L
NYK,DET,03/06/2013,W
DAL,HOU,03/06/2013,W
HOU,DAL,03/06/2013,L
PHI,ATL,03/06/2013,L
BOS,IND,03/06/2013,W
IND,BOS,03/06/2013,L
LAL,NOH,03/06/2013,W
CHA,BKN,03/06/2013,L
BKN,CHA,03/06/2013,W
MEM,POR,03/06/2013,W
POR,MEM,03/06/2013,L
CHI,SAS,03/06/2013,L
SAS,CHI,03/06/2013,W
MIN,WAS,03/06/2013,W
SAC,GSW,03/06/2013,L
GSW,SAC,03/06/2013,W
WAS,MIN,03/06/2013,L
TOR,PHX,03/06/2013,W
PHX,TOR,03/06/2013,L
NOH,LAL,03/06/2013,L
SAC,DEN,03/05/2013,L
DEN,SAC,03/05/2013,W
BOS,PHI,03/05/2013,W
PHI,BOS,03/05/2013,L
LAL,OKC,03/05/2013,L
OKC,LAL,03/05/2013,W
ORL,NOH,03/04/2013,W
TOR,GSW,03/04/2013,L
GSW,TOR,03/04/2013,W
POR,CHA,03/04/2013,W
CHA,POR,03/04/2013,L
DEN,ATL,03/04/2013,W
ATL,DEN,03/04/2013,L
NYK,CLE,03/04/2013,W
CLE,NYK,03/04/2013,L
MIN,MIA,03/04/2013,L
MIA,MIN,03/04/2013,W
NOH,ORL,03/04/2013,L
MIL,UTA,03/04/2013,W
UTA,MIL,03/04/2013,L
WAS,PHI,03/03/2013,W
PHI,WAS,03/03/2013,L
OKC,LAC,03/03/2013,W
LAC,OKC,03/03/2013,L
SAS,DET,03/03/2013,W
DET,SAS,03/03/2013,L
DAL,HOU,03/03/2013,L
HOU,DAL,03/03/2013,W
NYK,MIA,03/03/2013,L
MIA,NYK,03/03/2013,W
ORL,MEM,03/03/2013,L
CHA,SAC,03/03/2013,L
SAC,CHA,03/03/2013,W
LAL,ATL,03/03/2013,W
ATL,LAL,03/03/2013,L
CHI,IND,03/03/2013,L
IND,CHI,03/03/2013,W
MEM,ORL,03/03/2013,W
GSW,PHI,03/02/2013,L
PHI,GSW,03/02/2013,W
MIL,TOR,03/02/2013,W
TOR,MIL,03/02/2013,L
MIN,POR,03/02/2013,L
POR,MIN,03/02/2013,W
CHI,BKN,03/02/2013,W
BKN,CHI,03/02/2013,L
LAC,CLE,03/01/2013,W
MIA,MEM,03/01/2013,W
MEM,MIA,03/01/2013,L
CLE,LAC,03/01/2013,L
GSW,BOS,03/01/2013,L
BOS,GSW,03/01/2013,W
BKN,DAL,03/01/2013,L
DAL,BKN,03/01/2013,W
CHA,UTA,03/01/2013,L
UTA,CHA,03/01/2013,W
PHX,ATL,03/01/2013,W
ATL,PHX,03/01/2013,L
HOU,ORL,03/01/2013,W
NYK,WAS,03/01/2013,W
WAS,NYK,03/01/2013,L
DET,NOH,03/01/2013,L
NOH,DET,03/01/2013,W
ORL,HOU,03/01/2013,L
SAC,SAS,03/01/2013,L
SAS,SAC,03/01/2013,W
OKC,DEN,03/01/2013,L
DEN,OKC,03/01/2013,W
TOR,IND,03/01/2013,L
IND,TOR,03/01/2013,W
MIN,LAL,02/28/2013,L
LAL,MIN,02/28/2013,W
PHI,CHI,02/28/2013,L
CHI,PHI,02/28/2013,W
IND,LAC,02/28/2013,L
LAC,IND,02/28/2013,W
GSW,NYK,02/27/2013,L
NYK,GSW,02/27/2013,W
MEM,DAL,02/27/2013,W
DAL,MEM,02/27/2013,L
NOH,OKC,02/27/2013,L
OKC,NOH,02/27/2013,W
WAS,DET,02/27/2013,L
DET,WAS,02/27/2013,W
UTA,ATL,02/27/2013,L
ATL,UTA,02/27/2013,W
ORL,SAC,02/27/2013,L
SAC,ORL,02/27/2013,W
POR,DEN,02/27/2013,L
DEN,POR,02/27/2013,W
CLE,TOR,02/27/2013,W
TOR,CLE,02/27/2013,L
SAS,PHX,02/27/2013,L
PHX,SAS,02/27/2013,W
MIL,HOU,02/27/2013,W
HOU,MIL,02/27/2013,L
MIL,DAL,02/26/2013,W
DAL,MIL,02/26/2013,L
MIA,SAC,02/26/2013,W
MIN,PHX,02/26/2013,L
PHX,MIN,02/26/2013,W
CHA,LAC,02/26/2013,L
SAC,MIA,02/26/2013,L
CHI,CLE,02/26/2013,L
LAC,CHA,02/26/2013,W
ORL,PHI,02/26/2013,W
PHI,ORL,02/26/2013,L
NOH,BKN,02/26/2013,L
BKN,NOH,02/26/2013,W
IND,GSW,02/26/2013,W
GSW,IND,02/26/2013,L
CLE,CHI,02/26/2013,W
BOS,UTA,02/25/2013,W
DEN,LAL,02/25/2013,W
TOR,WAS,02/25/2013,L
LAL,DEN,02/25/2013,L
WAS,TOR,02/25/2013,W
ATL,DET,02/25/2013,W
DET,ATL,02/25/2013,L
UTA,BOS,02/25/2013,L
MIN,GSW,02/24/2013,L
SAC,NOH,02/24/2013,L
NOH,SAC,02/24/2013,W
POR,BOS,02/24/2013,W
NYK,PHI,02/24/2013,W
OKC,CHI,02/24/2013,W
LAL,DAL,02/24/2013,W
CHI,OKC,02/24/2013,L
PHX,SAS,02/24/2013,L
SAS,PHX,02/24/2013,W
MIA,CLE,02/24/2013,W
GSW,MIN,02/24/2013,W
CLE,MIA,02/24/2013,L
DAL,LAL,02/24/2013,L
PHI,NYK,02/24/2013,L
MEM,BKN,02/24/2013,W
BKN,MEM,02/24/2013,L
BOS,POR,02/24/2013,L
MIA,PHI,02/23/2013,W
PHI,MIA,02/23/2013,L
HOU,WAS,02/23/2013,L
LAC,UTA,02/23/2013,W
WAS,HOU,02/23/2013,W
CHA,DEN,02/23/2013,L
IND,DET,02/23/2013,W
DEN,CHA,02/23/2013,W
CLE,ORL,02/23/2013,W
DET,IND,02/23/2013,L
ATL,MIL,02/23/2013,W
MIL,ATL,02/23/2013,L
UTA,LAC,02/23/2013,L
ORL,CLE,02/23/2013,L
PHX,BOS,02/22/2013,L
BOS,PHX,02/22/2013,W
WAS,DEN,02/22/2013,W
DEN,WAS,02/22/2013,L
GSW,SAS,02/22/2013,W
POR,LAL,02/22/2013,L
LAL,POR,02/22/2013,W
CHA,CHI,02/22/2013,L
HOU,BKN,02/22/2013,W
CHI,CHA,02/22/2013,W
ATL,SAC,02/22/2013,W
SAC,ATL,02/22/2013,L
IND,DET,02/22/2013,W
DET,IND,02/22/2013,L
ORL,MEM,02/22/2013,L
BKN,HOU,02/22/2013,L
MEM,ORL,02/22/2013,W
SAS,GSW,02/22/2013,L
TOR,NYK,02/22/2013,W
NYK,TOR,02/22/2013,L
NOH,DAL,02/22/2013,L
DAL,NOH,02/22/2013,W
MIN,OKC,02/22/2013,L
OKC,MIN,02/22/2013,W
LAC,SAS,02/21/2013,L
CHI,MIA,02/21/2013,L
MIA,CHI,02/21/2013,W
SAS,LAC,02/21/2013,W
ORL,DAL,02/20/2013,L
IND,NYK,02/20/2013,W
BKN,MIL,02/20/2013,W
MIL,BKN,02/20/2013,L
DET,CHA,02/20/2013,W
ATL,MIA,02/20/2013,L
MIA,ATL,02/20/2013,W
GSW,PHX,02/20/2013,W
PHX,GSW,02/20/2013,L
NYK,IND,02/20/2013,L
CHA,DET,02/20/2013,L
MIN,PHI,02/20/2013,W
PHI,MIN,02/20/2013,L
TOR,MEM,02/20/2013,L
MEM,TOR,02/20/2013,W
DAL,ORL,02/20/2013,W
CLE,NOH,02/20/2013,W
HOU,OKC,02/20/2013,W
OKC,HOU,02/20/2013,L
BOS,LAL,02/20/2013,L
LAL,BOS,02/20/2013,W
NOH,CLE,02/20/2013,L
BKN,MIL,02/19/2013,W
GSW,UTA,02/19/2013,L
SAC,SAS,02/19/2013,L
SAS,SAC,02/19/2013,W
BOS,DEN,02/19/2013,L
DET,MEM,02/19/2013,L
ORL,CHA,02/19/2013,L
CHA,ORL,02/19/2013,W
MEM,DET,02/19/2013,W
DEN,BOS,02/19/2013,W
UTA,GSW,02/19/2013,W
MIL,BKN,02/19/2013,L
TOR,WAS,02/19/2013,W
WAS,TOR,02/19/2013,L
POR,PHX,02/19/2013,L
PHX,POR,02/19/2013,W
NOH,CHI,02/19/2013,L
CHI,NOH,02/19/2013,W
MIA,OKC,02/14/2013,W
OKC,MIA,02/14/2013,L
LAL,LAC,02/14/2013,L
LAC,LAL,02/14/2013,W
POR,NOH,02/13/2013,L
SAS,CLE,02/13/2013,W
SAC,DAL,02/13/2013,L
ORL,ATL,02/13/2013,L
CHI,BOS,02/13/2013,L
CLE,SAS,02/13/2013,L
IND,CHA,02/13/2013,W
ATL,ORL,02/13/2013,W
BOS,CHI,02/13/2013,W
NOH,POR,02/13/2013,W
TOR,NYK,02/13/2013,W
DEN,BKN,02/13/2013,L
BKN,DEN,02/13/2013,W
NYK,TOR,02/13/2013,L
MIN,UTA,02/13/2013,L
HOU,LAC,02/13/2013,L
DAL,SAC,02/13/2013,W
WAS,DET,02/13/2013,L
DET,WAS,02/13/2013,W
CHA,IND,02/13/2013,L
UTA,MIN,02/13/2013,W
LAC,HOU,02/13/2013,W
MIL,PHI,02/13/2013,W
PHI,MIL,02/13/2013,L
MEM,SAC,02/12/2013,W
DEN,TOR,02/12/2013,L
TOR,DEN,02/12/2013,W
GSW,HOU,02/12/2013,L
HOU,GSW,02/12/2013,W
PHX,LAL,02/12/2013,L
SAC,MEM,02/12/2013,L
POR,MIA,02/12/2013,L
MIA,POR,02/12/2013,W
LAL,PHX,02/12/2013,W
OKC,UTA,02/12/2013,L
UTA,OKC,02/12/2013,W
LAC,PHI,02/11/2013,W
PHI,LAC,02/11/2013,L
WAS,MIL,02/11/2013,W
MIL,WAS,02/11/2013,L
CLE,MIN,02/11/2013,L
BOS,CHA,02/11/2013,L
CHA,BOS,02/11/2013,W
SAS,CHI,02/11/2013,W
DET,NOH,02/11/2013,L
BKN,IND,02/11/2013,W
IND,BKN,02/11/2013,L
MIN,CLE,02/11/2013,W
ATL,DAL,02/11/2013,W
DAL,ATL,02/11/2013,L
CHI,SAS,02/11/2013,L
NOH,DET,02/11/2013,W
DEN,BOS,02/10/2013,L
LAL,MIA,02/10/2013,L
MIA,LAL,02/10/2013,W
BOS,DEN,02/10/2013,W
BKN,SAS,02/10/2013,L
POR,ORL,02/10/2013,L
ORL,POR,02/10/2013,W
TOR,NOH,02/10/2013,W
SAC,HOU,02/10/2013,W
NOH,TOR,02/10/2013,L
LAC,NYK,02/10/2013,W
NYK,LAC,02/10/2013,L
OKC,PHX,02/10/2013,W
PHX,OKC,02/10/2013,L
SAS,BKN,02/10/2013,W
MIN,MEM,02/10/2013,L
MEM,MIN,02/10/2013,W
HOU,SAC,02/10/2013,L
DAL,GSW,02/09/2013,W
GSW,DAL,02/09/2013,L
PHI,CHA,02/09/2013,W
CHA,PHI,02/09/2013,L
CLE,DEN,02/09/2013,L
DEN,CLE,02/09/2013,W
MIL,DET,02/09/2013,L
DET,MIL,02/09/2013,W
UTA,SAC,02/09/2013,L
SAC,UTA,02/09/2013,W
DET,SAS,02/08/2013,W
GSW,MEM,02/08/2013,L
MEM,GSW,02/08/2013,W
HOU,POR,02/08/2013,W
NYK,MIN,02/08/2013,W
MIN,NYK,02/08/2013,L
POR,HOU,02/08/2013,L
BKN,WAS,02/08/2013,L
LAC,MIA,02/08/2013,L
MIA,LAC,02/08/2013,W
PHX,OKC,02/08/2013,L
OKC,PHX,02/08/2013,W
IND,TOR,02/08/2013,L
SAS,DET,02/08/2013,L
WAS,BKN,02/08/2013,W
ORL,CLE,02/08/2013,L
CLE,ORL,02/08/2013,W
CHA,LAL,02/08/2013,L
NOH,ATL,02/08/2013,W
ATL,NOH,02/08/2013,L
LAL,CHA,02/08/2013,W
TOR,IND,02/08/2013,W
UTA,CHI,02/08/2013,L
CHI,UTA,02/08/2013,W
LAL,BOS,02/07/2013,L
BOS,LAL,02/07/2013,W
DEN,CHI,02/07/2013,W
CHI,DEN,02/07/2013,L
ATL,MEM,02/06/2013,W
LAC,ORL,02/06/2013,W
SAS,MIN,02/06/2013,W
MIN,SAS,02/06/2013,L
IND,PHI,02/06/2013,W
BKN,DET,02/06/2013,W
MEM,ATL,02/06/2013,L
PHI,IND,02/06/2013,L
DET,BKN,02/06/2013,L
CHA,CLE,02/06/2013,L
OKC,GSW,02/06/2013,W
NOH,PHX,02/06/2013,W
PHX,NOH,02/06/2013,L
NYK,WAS,02/06/2013,L
CLE,CHA,02/06/2013,W
HOU,MIA,02/06/2013,L
MIA,HOU,02/06/2013,W
WAS,NYK,02/06/2013,W
ORL,LAC,02/06/2013,L
UTA,MIL,02/06/2013,W
MIL,UTA,02/06/2013,L
DAL,POR,02/06/2013,W
POR,DAL,02/06/2013,L
GSW,OKC,02/06/2013,L
BOS,TOR,02/06/2013,W
TOR,BOS,02/06/2013,L
MIL,DEN,02/05/2013,L
HOU,GSW,02/05/2013,W
GSW,HOU,02/05/2013,L
DEN,MIL,02/05/2013,W
IND,ATL,02/05/2013,W
ATL,IND,02/05/2013,L
MEM,PHX,02/05/2013,L
PHX,MEM,02/05/2013,W
LAL,BKN,02/05/2013,W
BKN,LAL,02/05/2013,L
WAS,LAC,02/04/2013,W
PHI,ORL,02/04/2013,W
MIN,POR,02/04/2013,L
POR,MIN,02/04/2013,W
MIA,CHA,02/04/2013,W
CHA,MIA,02/04/2013,L
ORL,PHI,02/04/2013,L
IND,CHI,02/04/2013,W
LAC,WAS,02/04/2013,L
CHI,IND,02/04/2013,L
UTA,SAC,02/04/2013,W
SAC,UTA,02/04/2013,L
NYK,DET,02/04/2013,W
DET,NYK,02/04/2013,L
OKC,DAL,02/04/2013,W
DAL,OKC,02/04/2013,L
TOR,MIA,02/03/2013,L
MIA,TOR,02/03/2013,W
LAL,DET,02/03/2013,W
DET,LAL,02/03/2013,L
LAC,BOS,02/03/2013,L
BOS,LAC,02/03/2013,W
ORL,MIL,02/02/2013,L
CHI,ATL,02/02/2013,W
ATL,CHI,02/02/2013,L
WAS,SAS,02/02/2013,L
CLE,OKC,02/02/2013,W
OKC,CLE,02/02/2013,L
POR,UTA,02/02/2013,W
UTA,POR,02/02/2013,L
SAS,WAS,02/02/2013,W
MIL,ORL,02/02/2013,W
CHA,HOU,02/02/2013,L
NYK,SAC,02/02/2013,W
SAC,NYK,02/02/2013,L
GSW,PHX,02/02/2013,W
HOU,CHA,02/02/2013,W
PHX,GSW,02/02/2013,L
NOH,MIN,02/02/2013,L
MIN,NOH,02/02/2013,W
MEM,WAS,02/01/2013,W
CHI,BKN,02/01/2013,L
BKN,CHI,02/01/2013,W
NYK,MIL,02/01/2013,W
MIL,NYK,02/01/2013,L
WAS,MEM,02/01/2013,L
TOR,LAC,02/01/2013,W
NOH,DEN,02/01/2013,L
POR,UTA,02/01/2013,L
IND,MIA,02/01/2013,W
SAC,PHI,02/01/2013,L
ORL,BOS,02/01/2013,L
BOS,ORL,02/01/2013,W
LAL,MIN,02/01/2013,W
DAL,PHX,02/01/2013,W
DEN,NOH,02/01/2013,W
PHI,SAC,02/01/2013,W
MIA,IND,02/01/2013,L
LAC,TOR,02/01/2013,L
CLE,DET,02/01/2013,L
DET,CLE,02/01/2013,W
MIN,LAL,02/01/2013,L
PHX,DAL,02/01/2013,L
UTA,POR,02/01/2013,W
GSW,DAL,01/31/2013,W
DAL,GSW,01/31/2013,L
MEM,OKC,01/31/2013,L
OKC,MEM,01/31/2013,W
DEN,HOU,01/30/2013,W
NOH,UTA,01/30/2013,L
BOS,SAC,01/30/2013,W
LAC,MIN,01/30/2013,W
SAS,CHA,01/30/2013,W
MIN,LAC,01/30/2013,L
SAC,BOS,01/30/2013,L
UTA,NOH,01/30/2013,W
MIA,BKN,01/30/2013,W
BKN,MIA,01/30/2013,L
LAL,PHX,01/30/2013,L
PHX,LAL,01/30/2013,W
WAS,PHI,01/30/2013,L
CHA,SAS,01/30/2013,L
PHI,WAS,01/30/2013,W
DET,IND,01/30/2013,L
IND,DET,01/30/2013,W
ATL,TOR,01/30/2013,W
TOR,ATL,01/30/2013,L
ORL,NYK,01/30/2013,L
NYK,ORL,01/30/2013,W
HOU,DEN,01/30/2013,L
CHI,MIL,01/30/2013,W
MIL,CHI,01/30/2013,L
POR,DAL,01/29/2013,W
CLE,GSW,01/29/2013,L
NOH,LAL,01/29/2013,L
LAL,NOH,01/29/2013,W
MIL,DET,01/29/2013,W
DAL,POR,01/29/2013,L
GSW,CLE,01/29/2013,W
DET,MIL,01/29/2013,L
UTA,HOU,01/28/2013,L
HOU,UTA,01/28/2013,W
MEM,PHI,01/28/2013,W
TOR,GSW,01/28/2013,L
GSW,TOR,01/28/2013,W
WAS,SAC,01/28/2013,L
CHI,CHA,01/28/2013,W
BKN,ORL,01/28/2013,W
ORL,BKN,01/28/2013,L
SAC,WAS,01/28/2013,W
DEN,IND,01/28/2013,W
PHI,MEM,01/28/2013,L
CHA,CHI,01/28/2013,L
IND,DEN,01/28/2013,L
NYK,ATL,01/27/2013,W
ORL,DET,01/27/2013,L
PHX,DAL,01/27/2013,L
DET,ORL,01/27/2013,W
ATL,NYK,01/27/2013,L
MEM,NOH,01/27/2013,L
LAL,OKC,01/27/2013,W
MIA,BOS,01/27/2013,L
POR,LAC,01/27/2013,L
LAC,POR,01/27/2013,W
DAL,PHX,01/27/2013,W
BOS,MIA,01/27/2013,W
NOH,MEM,01/27/2013,W
OKC,LAL,01/27/2013,L
IND,UTA,01/26/2013,L
UTA,IND,01/26/2013,W
TOR,CLE,01/26/2013,L
CLE,TOR,01/26/2013,W
CHI,WAS,01/26/2013,L
WAS,CHI,01/26/2013,W
PHX,SAS,01/26/2013,L
SAS,PHX,01/26/2013,W
SAC,DEN,01/26/2013,L
LAC,POR,01/26/2013,L
POR,LAC,01/26/2013,W
MIL,GSW,01/26/2013,W
GSW,MIL,01/26/2013,L
NYK,PHI,01/26/2013,L
CHA,MIN,01/26/2013,W
DEN,SAC,01/26/2013,W
MIN,CHA,01/26/2013,L
PHI,NYK,01/26/2013,W
BKN,HOU,01/26/2013,L
HOU,BKN,01/26/2013,W
BOS,ATL,01/25/2013,L
WAS,MIN,01/25/2013,W
MIL,CLE,01/25/2013,L
CLE,MIL,01/25/2013,W
OKC,SAC,01/25/2013,W
SAC,OKC,01/25/2013,L
LAL,UTA,01/25/2013,W
DET,MIA,01/25/2013,L
UTA,LAL,01/25/2013,L
MEM,BKN,01/25/2013,W
MIA,DET,01/25/2013,W
ATL,BOS,01/25/2013,W
BKN,MEM,01/25/2013,L
GSW,CHI,01/25/2013,L
HOU,NOH,01/25/2013,W
NOH,HOU,01/25/2013,L
SAS,DAL,01/25/2013,W
DAL,SAS,01/25/2013,L
CHI,GSW,01/25/2013,W
MIN,WAS,01/25/2013,L
LAC,PHX,01/24/2013,L
BOS,NYK,01/24/2013,L
TOR,ORL,01/24/2013,W
NYK,BOS,01/24/2013,W
ORL,TOR,01/24/2013,L
PHX,LAC,01/24/2013,W
MIA,TOR,01/23/2013,W
IND,POR,01/23/2013,L
POR,IND,01/23/2013,W
TOR,MIA,01/23/2013,L
CHI,DET,01/23/2013,W
DET,CHI,01/23/2013,L
SAS,NOH,01/23/2013,W
ATL,CHA,01/23/2013,W
CHA,ATL,01/23/2013,L
NOH,SAS,01/23/2013,L
BKN,MIN,01/23/2013,W
DEN,HOU,01/23/2013,W
HOU,DEN,01/23/2013,L
MIN,BKN,01/23/2013,L
GSW,OKC,01/23/2013,W
SAC,PHX,01/23/2013,L
PHX,SAC,01/23/2013,W
OKC,GSW,01/23/2013,L
LAL,MEM,01/23/2013,L
MEM,LAL,01/23/2013,W
WAS,UTA,01/23/2013,L
UTA,WAS,01/23/2013,W
OKC,LAC,01/22/2013,W
LAC,OKC,01/22/2013,L
ORL,DET,01/22/2013,L
DET,ORL,01/22/2013,W
MIL,PHI,01/22/2013,W
PHI,MIL,01/22/2013,L
BOS,CLE,01/22/2013,L
CLE,BOS,01/22/2013,W
ATL,MIN,01/21/2013,W
MIN,ATL,01/21/2013,L
NOH,SAC,01/21/2013,W
SAC,NOH,01/21/2013,L
HOU,CHA,01/21/2013,W
PHI,SAS,01/21/2013,L
IND,MEM,01/21/2013,W
BKN,NYK,01/21/2013,W
NYK,BKN,01/21/2013,L
MEM,IND,01/21/2013,L
LAL,CHI,01/21/2013,L
CHI,LAL,01/21/2013,W
LAC,GSW,01/21/2013,L
GSW,LAC,01/21/2013,W
POR,WAS,01/21/2013,L
WAS,POR,01/21/2013,W
SAS,PHI,01/21/2013,W
CHA,HOU,01/21/2013,L
OKC,DEN,01/20/2013,L
DAL,ORL,01/20/2013,W
ORL,DAL,01/20/2013,L
DEN,OKC,01/20/2013,W
DET,BOS,01/20/2013,W
TOR,LAL,01/20/2013,W
BOS,DET,01/20/2013,L
LAL,TOR,01/20/2013,L
ATL,SAS,01/19/2013,L
GSW,NOH,01/19/2013,W
MEM,CHI,01/19/2013,W
SAS,ATL,01/19/2013,W
NOH,GSW,01/19/2013,L
CHI,MEM,01/19/2013,L
SAC,CHA,01/19/2013,W
POR,MIL,01/19/2013,L
MIL,POR,01/19/2013,W
UTA,CLE,01/19/2013,W
CLE,UTA,01/19/2013,L
CHA,SAC,01/19/2013,L
MIN,HOU,01/19/2013,W
HOU,MIN,01/19/2013,L
WAS,LAC,01/19/2013,L
LAC,WAS,01/19/2013,W
ATL,BKN,01/18/2013,L
BKN,ATL,01/18/2013,W
BOS,CHI,01/18/2013,L
DAL,OKC,01/18/2013,L
OKC,DAL,01/18/2013,W
CHI,BOS,01/18/2013,W
HOU,IND,01/18/2013,L
SAS,GSW,01/18/2013,W
GSW,SAS,01/18/2013,L
IND,HOU,01/18/2013,W
WAS,DEN,01/18/2013,W
DEN,WAS,01/18/2013,L
MEM,SAC,01/18/2013,W
SAC,MEM,01/18/2013,L
CHA,ORL,01/18/2013,W
ORL,CHA,01/18/2013,L
PHI,TOR,01/18/2013,W
TOR,PHI,01/18/2013,L
LAC,MIN,01/17/2013,W
PHX,MIL,01/17/2013,L
MIL,PHX,01/17/2013,W
MIN,LAC,01/17/2013,L
LAL,MIA,01/17/2013,L
DET,NYK,01/17/2013,L
NYK,DET,01/17/2013,W
MIA,LAL,01/17/2013,W
TOR,CHI,01/16/2013,L
NOH,BOS,01/16/2013,W
HOU,DAL,01/16/2013,L
DAL,HOU,01/16/2013,W
BOS,NOH,01/16/2013,L
ORL,IND,01/16/2013,W
DEN,OKC,01/16/2013,L
OKC,DEN,01/16/2013,W
CLE,POR,01/16/2013,W
POR,CLE,01/16/2013,L
WAS,SAC,01/16/2013,L
SAC,WAS,01/16/2013,W
ATL,BKN,01/16/2013,W
BKN,ATL,01/16/2013,L
GSW,MIA,01/16/2013,L
MEM,SAS,01/16/2013,L
SAS,MEM,01/16/2013,W
MIA,GSW,01/16/2013,W
CHI,TOR,01/16/2013,W
IND,ORL,01/16/2013,L
LAC,HOU,01/15/2013,W
LAL,MIL,01/15/2013,W
MIL,LAL,01/15/2013,L
NOH,PHI,01/15/2013,W
PHI,NOH,01/15/2013,L
HOU,LAC,01/15/2013,L
TOR,BKN,01/15/2013,L
BKN,TOR,01/15/2013,W
CHA,IND,01/15/2013,L
IND,CHA,01/15/2013,W
POR,DEN,01/15/2013,L
DEN,POR,01/15/2013,W
CHA,BOS,01/14/2013,L
WAS,ORL,01/14/2013,W
ORL,WAS,01/14/2013,L
ATL,CHI,01/14/2013,L
CHI,ATL,01/14/2013,W
CLE,SAC,01/14/2013,L
PHX,OKC,01/14/2013,L
OKC,PHX,01/14/2013,W
BOS,CHA,01/14/2013,W
SAC,CLE,01/14/2013,W
MIA,UTA,01/14/2013,L
UTA,MIA,01/14/2013,W
LAC,MEM,01/14/2013,W
MEM,LAC,01/14/2013,L
MIN,DAL,01/14/2013,L
DAL,MIN,01/14/2013,W
NOH,NYK,01/13/2013,L
SAS,MIN,01/13/2013,W
MIN,SAS,01/13/2013,L
NYK,NOH,01/13/2013,W
BKN,IND,01/13/2013,W
DEN,GSW,01/13/2013,W
IND,BKN,01/13/2013,L
LAL,CLE,01/13/2013,W
CLE,LAL,01/13/2013,L
GSW,DEN,01/13/2013,L
TOR,MIL,01/13/2013,L
POR,OKC,01/13/2013,L
OKC,POR,01/13/2013,W
MIL,TOR,01/13/2013,W
MIA,SAC,01/12/2013,W
SAC,MIA,01/12/2013,L
PHX,CHI,01/12/2013,W
LAC,ORL,01/12/2013,L
DET,UTA,01/12/2013,L
UTA,DET,01/12/2013,W
CHA,IND,01/12/2013,L
WAS,ATL,01/12/2013,W
ORL,LAC,01/12/2013,W
ATL,WAS,01/12/2013,L
IND,CHA,01/12/2013,W
PHI,HOU,01/12/2013,W
HOU,PHI,01/12/2013,L
MEM,DAL,01/12/2013,L
CHI,PHX,01/12/2013,L
DAL,MEM,01/12/2013,W
CLE,DEN,01/11/2013,L
NOH,MIN,01/11/2013,W
MIN,NOH,01/11/2013,L
PHX,BKN,01/11/2013,L
DEN,CLE,01/11/2013,W
DET,MIL,01/11/2013,W
MIL,DET,01/11/2013,L
NYK,CHI,01/11/2013,L
CHI,NYK,01/11/2013,W
BOS,HOU,01/11/2013,W
GSW,POR,01/11/2013,W
CHA,TOR,01/11/2013,L
HOU,BOS,01/11/2013,L
BKN,PHX,01/11/2013,W
OKC,LAL,01/11/2013,W
LAL,OKC,01/11/2013,L
ATL,UTA,01/11/2013,W
TOR,CHA,01/11/2013,W
SAS,MEM,01/11/2013,L
MEM,SAS,01/11/2013,W
UTA,ATL,01/11/2013,L
POR,GSW,01/11/2013,L
NYK,IND,01/10/2013,L
IND,NYK,01/10/2013,W
POR,MIA,01/10/2013,W
MIA,POR,01/10/2013,L
SAC,DAL,01/10/2013,L
DAL,SAC,01/10/2013,W
LAC,DAL,01/09/2013,W
BOS,PHX,01/09/2013,W
DAL,LAC,01/09/2013,L
ORL,DEN,01/09/2013,L
PHX,BOS,01/09/2013,L
SAS,LAL,01/09/2013,W
DEN,ORL,01/09/2013,W
PHI,TOR,01/09/2013,L
LAL,SAS,01/09/2013,L
NOH,HOU,01/09/2013,W
MEM,GSW,01/09/2013,W
GSW,MEM,01/09/2013,L
CLE,ATL,01/09/2013,W
CHA,UTA,01/09/2013,L
UTA,CHA,01/09/2013,W
MIN,OKC,01/09/2013,L
OKC,MIN,01/09/2013,W
ATL,CLE,01/09/2013,L
MIL,CHI,01/09/2013,W
CHI,MIL,01/09/2013,L
HOU,NOH,01/09/2013,L
TOR,PHI,01/09/2013,W
MIA,IND,01/08/2013,L
BKN,PHI,01/08/2013,W
PHI,BKN,01/08/2013,L
LAL,HOU,01/08/2013,L
MIL,PHX,01/08/2013,W
MIN,ATL,01/08/2013,W
PHX,MIL,01/08/2013,L
ATL,MIN,01/08/2013,L
HOU,LAL,01/08/2013,W
IND,MIA,01/08/2013,W
SAS,NOH,01/07/2013,L
OKC,WAS,01/07/2013,L
CHI,CLE,01/07/2013,W
CLE,CHI,01/07/2013,L
NOH,SAS,01/07/2013,W
MEM,SAC,01/07/2013,W
SAC,MEM,01/07/2013,L
NYK,BOS,01/07/2013,L
BOS,NYK,01/07/2013,W
ORL,POR,01/07/2013,L
WAS,OKC,01/07/2013,W
DAL,UTA,01/07/2013,L
UTA,DAL,01/07/2013,W
POR,ORL,01/07/2013,W
MIA,WAS,01/06/2013,W
WAS,MIA,01/06/2013,L
TOR,OKC,01/06/2013,L
OKC,TOR,01/06/2013,W
LAL,DEN,01/06/2013,L
DEN,LAL,01/06/2013,W
CHA,DET,01/06/2013,W
DET,CHA,01/06/2013,L
PHX,MEM,01/06/2013,L
MEM,PHX,01/06/2013,W
BKN,SAC,01/05/2013,W
DAL,NOH,01/05/2013,L
NOH,DAL,01/05/2013,W
MIL,IND,01/05/2013,L
IND,MIL,01/05/2013,W
NYK,ORL,01/05/2013,W
PHI,SAS,01/05/2013,L
SAS,PHI,01/05/2013,W
LAC,GSW,01/05/2013,W
GSW,LAC,01/05/2013,L
ORL,NYK,01/05/2013,L
SAC,BKN,01/05/2013,L
BOS,ATL,01/05/2013,W
ATL,BOS,01/05/2013,L
CLE,HOU,01/05/2013,L
MIN,POR,01/05/2013,L
HOU,CLE,01/05/2013,W
POR,MIN,01/05/2013,W
UTA,DEN,01/05/2013,L
DEN,UTA,01/05/2013,W
ATL,DET,01/04/2013,L
DET,ATL,01/04/2013,W
CLE,CHA,01/04/2013,W
CHA,CLE,01/04/2013,L
TOR,SAC,01/04/2013,L
SAC,TOR,01/04/2013,W
IND,BOS,01/04/2013,L
LAL,LAC,01/04/2013,L
LAC,LAL,01/04/2013,W
CHI,MIA,01/04/2013,W
MIA,CHI,01/04/2013,L
HOU,MIL,01/04/2013,W
UTA,PHX,01/04/2013,W
PHX,UTA,01/04/2013,L
BKN,WAS,01/04/2013,W
WAS,BKN,01/04/2013,L
BOS,IND,01/04/2013,W
PHI,OKC,01/04/2013,L
OKC,PHI,01/04/2013,W
POR,MEM,01/04/2013,W
MEM,POR,01/04/2013,L
MIL,HOU,01/04/2013,L
MIN,DEN,01/03/2013,W
DEN,MIN,01/03/2013,L
SAS,NYK,01/03/2013,L
NYK,SAS,01/03/2013,W
HOU,NOH,01/02/2013,W
UTA,MIN,01/02/2013,W
MIN,UTA,01/02/2013,L
BKN,OKC,01/02/2013,W
OKC,BKN,01/02/2013,L
DAL,MIA,01/02/2013,L
NOH,HOU,01/02/2013,L
LAC,GSW,01/02/2013,L
GSW,LAC,01/02/2013,W
MEM,BOS,01/02/2013,W
MIA,DAL,01/02/2013,W
CHI,ORL,01/02/2013,W
ORL,CHI,01/02/2013,L
PHI,PHX,01/02/2013,L
BOS,MEM,01/02/2013,L
IND,WAS,01/02/2013,W
WAS,IND,01/02/2013,L
PHX,PHI,01/02/2013,W
SAS,MIL,01/02/2013,W
CLE,SAC,01/02/2013,L
SAC,CLE,01/02/2013,W
MIL,SAS,01/02/2013,L
POR,TOR,01/02/2013,L
TOR,POR,01/02/2013,W
DAL,WAS,01/01/2013,W
POR,NYK,01/01/2013,W
DET,SAC,01/01/2013,W
SAC,DET,01/01/2013,L
LAC,DEN,01/01/2013,L
DEN,LAC,01/01/2013,W
ATL,NOH,01/01/2013,W
NOH,ATL,01/01/2013,L
WAS,DAL,01/01/2013,L
NYK,POR,01/01/2013,L
PHI,LAL,01/01/2013,W
LAL,PHI,01/01/2013,L
CHA,CHI,12/31/2012,W
MEM,IND,12/31/2012,L
IND,MEM,12/31/2012,W
CHI,CHA,12/31/2012,L
ORL,MIA,12/31/2012,L
SAS,BKN,12/31/2012,W
BKN,SAS,12/31/2012,L
MIA,ORL,12/31/2012,W
PHX,OKC,12/31/2012,L
ATL,HOU,12/31/2012,L
OKC,PHX,12/31/2012,W
HOU,ATL,12/31/2012,W
SAC,BOS,12/30/2012,W
BOS,SAC,12/30/2012,L
UTA,LAC,12/30/2012,L
LAC,UTA,12/30/2012,W
MIL,DET,12/30/2012,L
DET,MIL,12/30/2012,W
DAL,SAS,12/30/2012,L
SAS,DAL,12/30/2012,W
CHA,NOH,12/29/2012,L
NOH,CHA,12/29/2012,W
ORL,TOR,12/29/2012,L
IND,ATL,12/29/2012,L
ATL,IND,12/29/2012,W
DEN,MEM,12/29/2012,L
MIN,PHX,12/29/2012,W
MEM,DEN,12/29/2012,W
PHX,MIN,12/29/2012,L
GSW,BOS,12/29/2012,W
TOR,ORL,12/29/2012,W
CLE,BKN,12/29/2012,L
BKN,CLE,12/29/2012,W
MIL,MIA,12/29/2012,W
MIA,MIL,12/29/2012,L
BOS,GSW,12/29/2012,L
HOU,OKC,12/29/2012,L
OKC,HOU,12/29/2012,W
POR,PHI,12/29/2012,W
CHI,WAS,12/29/2012,W
WAS,CHI,12/29/2012,L
PHI,POR,12/29/2012,L
NYK,SAC,12/28/2012,L
LAL,POR,12/28/2012,W
POR,LAL,12/28/2012,L
SAC,NYK,12/28/2012,W
WAS,ORL,12/28/2012,W
ORL,WAS,12/28/2012,L
PHI,GSW,12/28/2012,L
ATL,CLE,12/28/2012,W
PHX,IND,12/28/2012,L
UTA,LAC,12/28/2012,L
LAC,UTA,12/28/2012,W
IND,PHX,12/28/2012,W
GSW,PHI,12/28/2012,W
DEN,DAL,12/28/2012,W
DAL,DEN,12/28/2012,L
BKN,CHA,12/28/2012,W
CHA,BKN,12/28/2012,L
CLE,ATL,12/28/2012,L
HOU,SAS,12/28/2012,L
SAS,HOU,12/28/2012,W
TOR,NOH,12/28/2012,W
NOH,TOR,12/28/2012,L
DET,MIA,12/28/2012,W
MIA,DET,12/28/2012,L
LAC,BOS,12/27/2012,W
BOS,LAC,12/27/2012,L
OKC,DAL,12/27/2012,W
DAL,OKC,12/27/2012,L
BKN,MIL,12/26/2012,L
CHA,MIA,12/26/2012,L
HOU,MIN,12/26/2012,W
MIA,CHA,12/26/2012,W
WAS,CLE,12/26/2012,L
CLE,WAS,12/26/2012,W
MEM,PHI,12/26/2012,L
ATL,DET,12/26/2012,W
DET,ATL,12/26/2012,L
PHX,NYK,12/26/2012,L
NYK,PHX,12/26/2012,W
DEN,LAL,12/26/2012,W
LAL,DEN,12/26/2012,L
PHI,MEM,12/26/2012,W
ORL,NOH,12/26/2012,L
NOH,ORL,12/26/2012,W
SAS,TOR,12/26/2012,W
MIN,HOU,12/26/2012,L
TOR,SAS,12/26/2012,L
GSW,UTA,12/26/2012,W
UTA,GSW,12/26/2012,L
POR,SAC,12/26/2012,W
SAC,POR,12/26/2012,L
MIL,BKN,12/26/2012,W
BOS,BKN,12/25/2012,W
BKN,BOS,12/25/2012,L
DEN,LAC,12/25/2012,L
LAC,DEN,12/25/2012,W
LAL,NYK,12/25/2012,W
OKC,MIA,12/25/2012,L
MIA,OKC,12/25/2012,W
HOU,CHI,12/25/2012,W
CHI,HOU,12/25/2012,L
NYK,LAL,12/25/2012,L
SAS,DAL,12/23/2012,W
DAL,SAS,12/23/2012,L
POR,SAC,12/23/2012,L
ORL,UTA,12/23/2012,L
MIN,NYK,12/23/2012,L
NYK,MIN,12/23/2012,W
UTA,ORL,12/23/2012,W
SAC,POR,12/23/2012,W
LAC,PHX,12/23/2012,W
PHX,LAC,12/23/2012,L
BKN,PHI,12/23/2012,W
PHI,BKN,12/23/2012,L
DET,WAS,12/22/2012,W
WAS,DET,12/22/2012,L
ATL,CHI,12/22/2012,W
NOH,IND,12/22/2012,L
LAL,GSW,12/22/2012,W
IND,NOH,12/22/2012,W
MIA,UTA,12/22/2012,W
UTA,MIA,12/22/2012,L
CHI,ATL,12/22/2012,L
PHX,POR,12/22/2012,L
CHA,DEN,12/22/2012,L
MEM,HOU,12/22/2012,L
HOU,MEM,12/22/2012,W
DEN,CHA,12/22/2012,W
POR,PHX,12/22/2012,W
CLE,MIL,12/22/2012,W
MIL,CLE,12/22/2012,L
GSW,LAL,12/22/2012,L
WAS,DET,12/21/2012,L
DET,WAS,12/21/2012,W
NOH,SAS,12/21/2012,L
TOR,ORL,12/21/2012,W
IND,CLE,12/21/2012,W
ORL,TOR,12/21/2012,L
CLE,IND,12/21/2012,L
PHI,ATL,12/21/2012,W
ATL,PHI,12/21/2012,L
LAC,SAC,12/21/2012,W
SAS,NOH,12/21/2012,W
MEM,DAL,12/21/2012,W
DAL,MEM,12/21/2012,L
BOS,MIL,12/21/2012,L
MIL,BOS,12/21/2012,W
NYK,CHI,12/21/2012,L
CHI,NYK,12/21/2012,W
GSW,CHA,12/21/2012,W
CHA,GSW,12/21/2012,L
SAC,LAC,12/21/2012,L
OKC,MIN,12/20/2012,L
MIN,OKC,12/20/2012,W
DAL,MIA,12/20/2012,L
POR,DEN,12/20/2012,W
MIA,DAL,12/20/2012,W
DEN,POR,12/20/2012,L
BKN,NYK,12/19/2012,L
CLE,BOS,12/19/2012,L
BOS,CLE,12/19/2012,W
NYK,BKN,12/19/2012,W
GSW,SAC,12/19/2012,L
SAC,GSW,12/19/2012,W
PHI,HOU,12/19/2012,L
WAS,ORL,12/19/2012,L
ORL,WAS,12/19/2012,W
ATL,OKC,12/19/2012,L
OKC,ATL,12/19/2012,W
LAC,NOH,12/19/2012,W
NOH,LAC,12/19/2012,L
UTA,IND,12/19/2012,L
IND,UTA,12/19/2012,W
MEM,MIL,12/19/2012,W
MIL,MEM,12/19/2012,L
PHX,CHA,12/19/2012,W
TOR,DET,12/19/2012,W
DET,TOR,12/19/2012,L
CHA,PHX,12/19/2012,L
HOU,PHI,12/19/2012,W
LAL,CHA,12/18/2012,W
CHA,LAL,12/18/2012,L
PHI,DAL,12/18/2012,L
DAL,PHI,12/18/2012,W
NOH,GSW,12/18/2012,L
GSW,NOH,12/18/2012,W
IND,MIL,12/18/2012,L
MIA,MIN,12/18/2012,W
MIN,MIA,12/18/2012,L
UTA,BKN,12/18/2012,W
BKN,UTA,12/18/2012,L
CHI,BOS,12/18/2012,W
BOS,CHI,12/18/2012,L
SAS,DEN,12/18/2012,L
DEN,SAS,12/18/2012,W
TOR,CLE,12/18/2012,W
CLE,TOR,12/18/2012,L
MIL,IND,12/18/2012,W
ATL,WAS,12/18/2012,W
WAS,ATL,12/18/2012,L
DET,LAC,12/17/2012,L
ORL,MIN,12/17/2012,W
MIN,ORL,12/17/2012,L
PHX,SAC,12/17/2012,W
SAC,PHX,12/17/2012,L
HOU,NYK,12/17/2012,W
NYK,HOU,12/17/2012,L
CHI,MEM,12/17/2012,L
MEM,CHI,12/17/2012,W
OKC,SAS,12/17/2012,W
SAS,OKC,12/17/2012,L
LAC,DET,12/17/2012,W
TOR,HOU,12/16/2012,W
PHI,LAL,12/16/2012,L
LAL,PHI,12/16/2012,W
NOH,POR,12/16/2012,L
HOU,TOR,12/16/2012,L
POR,NOH,12/16/2012,W
DEN,SAC,12/16/2012,W
SAC,DEN,12/16/2012,L
SAS,BOS,12/15/2012,W
UTA,MEM,12/15/2012,L
MEM,UTA,12/15/2012,W
NYK,CLE,12/15/2012,W
CLE,NYK,12/15/2012,L
ATL,GSW,12/15/2012,L
GSW,ATL,12/15/2012,W
ORL,CHA,12/15/2012,W
CHA,ORL,12/15/2012,L
CHI,BKN,12/15/2012,W
MIN,DAL,12/15/2012,W
DAL,MIN,12/15/2012,L
BKN,CHI,12/15/2012,L
MIL,LAC,12/15/2012,L
LAC,MIL,12/15/2012,W
DET,IND,12/15/2012,L
IND,DET,12/15/2012,W
MIA,WAS,12/15/2012,W
BOS,SAS,12/15/2012,L
WAS,MIA,12/15/2012,L
MIL,CLE,12/14/2012,W
MIN,NOH,12/14/2012,W
BOS,HOU,12/14/2012,L
BKN,DET,12/14/2012,W
DET,BKN,12/14/2012,L
PHI,IND,12/14/2012,L
CLE,MIL,12/14/2012,L
NOH,MIN,12/14/2012,L
HOU,BOS,12/14/2012,W
IND,PHI,12/14/2012,W
TOR,DAL,12/14/2012,W
DAL,TOR,12/14/2012,L
GSW,ORL,12/14/2012,L
OKC,SAC,12/14/2012,W
SAC,OKC,12/14/2012,L
ORL,GSW,12/14/2012,W
WAS,LAL,12/14/2012,L
LAL,WAS,12/14/2012,W
PHX,UTA,12/14/2012,W
UTA,PHX,12/14/2012,L
MEM,DEN,12/14/2012,L
DEN,MEM,12/14/2012,W
SAS,POR,12/13/2012,L
POR,SAS,12/13/2012,W
LAL,NYK,12/13/2012,L
CHA,ATL,12/13/2012,L
ATL,CHA,12/13/2012,W
NYK,LAL,12/13/2012,W
DAL,BOS,12/12/2012,L
ORL,ATL,12/12/2012,L
ATL,ORL,12/12/2012,W
TOR,BKN,12/12/2012,L
MIL,SAC,12/12/2012,W
NOH,OKC,12/12/2012,L
OKC,NOH,12/12/2012,W
BKN,TOR,12/12/2012,W
IND,CLE,12/12/2012,W
CLE,IND,12/12/2012,L
WAS,HOU,12/12/2012,L
HOU,WAS,12/12/2012,W
BOS,DAL,12/12/2012,W
CHI,PHI,12/12/2012,W
PHI,CHI,12/12/2012,L
MIN,DEN,12/12/2012,W
GSW,MIA,12/12/2012,W
UTA,SAS,12/12/2012,W
SAS,UTA,12/12/2012,L
MIA,GSW,12/12/2012,L
DEN,MIN,12/12/2012,L
CHA,LAC,12/12/2012,L
LAC,CHA,12/12/2012,W
PHX,MEM,12/12/2012,W
MEM,PHX,12/12/2012,L
SAC,MIL,12/12/2012,L
LAL,CLE,12/11/2012,L
LAC,CHI,12/11/2012,W
DEN,DET,12/11/2012,W
CLE,LAL,12/11/2012,W
CHI,LAC,12/11/2012,L
NYK,BKN,12/11/2012,W
BKN,NYK,12/11/2012,L
WAS,NOH,12/11/2012,W
NOH,WAS,12/11/2012,L
DET,DEN,12/11/2012,L
SAS,HOU,12/10/2012,W
ATL,MIA,12/10/2012,L
MIA,ATL,12/10/2012,W
GSW,CHA,12/10/2012,W
CHA,GSW,12/10/2012,L
SAC,DAL,12/10/2012,L
TOR,POR,12/10/2012,L
DAL,SAC,12/10/2012,W
POR,TOR,12/10/2012,W
DET,PHI,12/10/2012,L
HOU,SAS,12/10/2012,L
PHI,DET,12/10/2012,W
BKN,MIL,12/09/2012,L
MIL,BKN,12/09/2012,W
ORL,PHX,12/09/2012,W
OKC,IND,12/09/2012,W
IND,OKC,12/09/2012,L
NYK,DEN,12/09/2012,W
LAL,UTA,12/09/2012,L
UTA,LAL,12/09/2012,W
TOR,LAC,12/09/2012,L
LAC,TOR,12/09/2012,W
DEN,NYK,12/09/2012,L
PHX,ORL,12/09/2012,L
LAC,PHX,12/08/2012,W
PHX,LAC,12/08/2012,L
BOS,PHI,12/08/2012,W
MIA,NOH,12/08/2012,W
NOH,MIA,12/08/2012,L
CLE,DET,12/08/2012,L
PHI,BOS,12/08/2012,L
SAC,POR,12/08/2012,W
POR,SAC,12/08/2012,L
DET,CLE,12/08/2012,W
ATL,MEM,12/08/2012,W
MEM,ATL,12/08/2012,L
SAS,CHA,12/08/2012,W
CHA,SAS,12/08/2012,L
CHI,NYK,12/08/2012,W
GSW,WAS,12/08/2012,W
NYK,CHI,12/08/2012,L
DAL,HOU,12/08/2012,W
HOU,DAL,12/08/2012,L
WAS,GSW,12/08/2012,L
UTA,TOR,12/07/2012,W
MIN,CLE,12/07/2012,W
MIL,CHA,12/07/2012,W
CHA,MIL,12/07/2012,L
CLE,MIN,12/07/2012,L
TOR,UTA,12/07/2012,L
DET,CHI,12/07/2012,L
WAS,ATL,12/07/2012,L
SAS,HOU,12/07/2012,W
OKC,LAL,12/07/2012,W
LAL,OKC,12/07/2012,L
CHI,DET,12/07/2012,W
HOU,SAS,12/07/2012,L
MEM,NOH,12/07/2012,W
NOH,MEM,12/07/2012,L
SAC,ORL,12/07/2012,W
ATL,WAS,12/07/2012,W
GSW,BKN,12/07/2012,W
BKN,GSW,12/07/2012,L
IND,DEN,12/07/2012,L
BOS,PHI,12/07/2012,L
PHI,BOS,12/07/2012,W
DEN,IND,12/07/2012,W
ORL,SAC,12/07/2012,L
PHX,DAL,12/06/2012,L
DAL,PHX,12/06/2012,W
NYK,MIA,12/06/2012,W
MIA,NYK,12/06/2012,L
DET,GSW,12/05/2012,L
MIL,SAS,12/05/2012,L
TOR,SAC,12/05/2012,L
SAC,TOR,12/05/2012,W
SAS,MIL,12/05/2012,W
IND,POR,12/05/2012,W
ORL,UTA,12/05/2012,L
UTA,ORL,12/05/2012,W
CHA,NYK,12/05/2012,L
NYK,CHA,12/05/2012,W
POR,IND,12/05/2012,L
CLE,CHI,12/05/2012,L
LAC,DAL,12/05/2012,W
DAL,LAC,12/05/2012,L
DEN,ATL,12/05/2012,L
GSW,DET,12/05/2012,W
ATL,DEN,12/05/2012,W
MIN,BOS,12/05/2012,L
NOH,LAL,12/05/2012,L
BOS,MIN,12/05/2012,W
CHI,CLE,12/05/2012,W
LAL,NOH,12/05/2012,W
PHX,MEM,12/04/2012,L
MEM,PHX,12/04/2012,W
IND,CHI,12/04/2012,W
PHI,MIN,12/04/2012,L
HOU,LAL,12/04/2012,W
LAL,HOU,12/04/2012,L
CHI,IND,12/04/2012,L
MIN,PHI,12/04/2012,W
BKN,OKC,12/04/2012,L
OKC,BKN,12/04/2012,W
WAS,MIA,12/04/2012,W
MIA,WAS,12/04/2012,L
GSW,ORL,12/03/2012,L
ORL,GSW,12/03/2012,W
CLE,DET,12/03/2012,L
MIL,NOH,12/03/2012,L
DET,CLE,12/03/2012,W
NOH,MIL,12/03/2012,W
DEN,TOR,12/03/2012,W
LAC,UTA,12/03/2012,W
UTA,LAC,12/03/2012,L
CHA,POR,12/03/2012,L
POR,CHA,12/03/2012,W
TOR,DEN,12/03/2012,L
PHX,NYK,12/02/2012,L
NYK,PHX,12/02/2012,W
LAL,ORL,12/02/2012,L
ORL,LAL,12/02/2012,W
LAC,SAC,12/01/2012,W
MIL,BOS,12/01/2012,W
PHI,CHI,12/01/2012,L
CHI,PHI,12/01/2012,W
BOS,MIL,12/01/2012,L
GSW,IND,12/01/2012,W
IND,GSW,12/01/2012,L
NOH,OKC,12/01/2012,L
OKC,NOH,12/01/2012,W
MEM,SAS,12/01/2012,L
SAC,LAC,12/01/2012,L
DAL,DET,12/01/2012,W
DET,DAL,12/01/2012,L
HOU,UTA,12/01/2012,W
UTA,HOU,12/01/2012,L
MIA,BKN,12/01/2012,W
POR,CLE,12/01/2012,W
CLE,POR,12/01/2012,L
BKN,MIA,12/01/2012,L
SAS,MEM,12/01/2012,W
MIN,MIL,11/30/2012,W
WAS,NYK,11/30/2012,L
DET,MEM,11/30/2012,L
MEM,DET,11/30/2012,W
TOR,PHX,11/30/2012,W
PHX,TOR,11/30/2012,L
ORL,BKN,11/30/2012,L
BKN,ORL,11/30/2012,W
SAC,IND,11/30/2012,L
CHA,PHI,11/30/2012,L
OKC,UTA,11/30/2012,W
PHI,CHA,11/30/2012,W
NYK,WAS,11/30/2012,W
ATL,CLE,11/30/2012,L
UTA,OKC,11/30/2012,L
IND,SAC,11/30/2012,W
CLE,ATL,11/30/2012,W
MIL,MIN,11/30/2012,L
LAL,DEN,11/30/2012,W
DEN,LAL,11/30/2012,L
POR,BOS,11/30/2012,L
BOS,POR,11/30/2012,W
SAS,MIA,11/29/2012,L
MIA,SAS,11/29/2012,W
DEN,GSW,11/29/2012,L
GSW,DEN,11/29/2012,W
HOU,OKC,11/28/2012,L
POR,WAS,11/28/2012,L
WAS,POR,11/28/2012,W
LAC,MIN,11/28/2012,W
OKC,HOU,11/28/2012,W
CHA,ATL,11/28/2012,L
MIN,LAC,11/28/2012,L
DAL,CHI,11/28/2012,L
NOH,UTA,11/28/2012,L
UTA,NOH,11/28/2012,W
SAS,ORL,11/28/2012,W
BKN,BOS,11/28/2012,W
ORL,SAS,11/28/2012,L
CHI,DAL,11/28/2012,W
NYK,MIL,11/28/2012,W
MIL,NYK,11/28/2012,L
DET,PHX,11/28/2012,W
PHX,DET,11/28/2012,L
ATL,CHA,11/28/2012,W
MEM,TOR,11/28/2012,W
TOR,MEM,11/28/2012,L
BOS,BKN,11/28/2012,L
CLE,PHX,11/27/2012,L
SAC,MIN,11/27/2012,L
MIN,SAC,11/27/2012,W
HOU,TOR,11/27/2012,W
PHX,CLE,11/27/2012,W
TOR,HOU,11/27/2012,L
DAL,PHI,11/27/2012,L
IND,LAL,11/27/2012,W
LAL,IND,11/27/2012,L
PHI,DAL,11/27/2012,W
SAS,WAS,11/26/2012,W
POR,DET,11/26/2012,L
MIL,CHI,11/26/2012,W
WAS,SAS,11/26/2012,L
DEN,UTA,11/26/2012,L
UTA,DEN,11/26/2012,W
MEM,CLE,11/26/2012,W
CLE,MEM,11/26/2012,L
CHA,OKC,11/26/2012,L
OKC,CHA,11/26/2012,W
NYK,BKN,11/26/2012,L
LAC,NOH,11/26/2012,L
NOH,LAC,11/26/2012,W
BKN,NYK,11/26/2012,W
CHI,MIL,11/26/2012,L
DET,POR,11/26/2012,W
ORL,BOS,11/25/2012,L
BOS,ORL,11/25/2012,W
NOH,DEN,11/25/2012,L
NYK,DET,11/25/2012,W
DET,NYK,11/25/2012,L
TOR,SAS,11/25/2012,L
SAS,TOR,11/25/2012,W
POR,BKN,11/25/2012,L
BKN,POR,11/25/2012,W
PHI,PHX,11/25/2012,W
PHX,PHI,11/25/2012,L
DEN,NOH,11/25/2012,W
WAS,CHA,11/24/2012,L
CHA,WAS,11/24/2012,W
UTA,SAC,11/24/2012,L
CLE,MIA,11/24/2012,L
MIA,CLE,11/24/2012,W
GSW,MIN,11/24/2012,W
MIN,GSW,11/24/2012,L
LAC,ATL,11/24/2012,L
ATL,LAC,11/24/2012,W
LAL,DAL,11/24/2012,W
PHI,OKC,11/24/2012,L
OKC,PHI,11/24/2012,W
CHI,MIL,11/24/2012,W
DAL,LAL,11/24/2012,L
MIL,CHI,11/24/2012,L
SAC,UTA,11/24/2012,W
GSW,DEN,11/23/2012,L
LAL,MEM,11/23/2012,L
DET,TOR,11/23/2012,W
TOR,DET,11/23/2012,L
HOU,NYK,11/23/2012,W
NYK,HOU,11/23/2012,L
PHX,NOH,11/23/2012,W
NOH,PHX,11/23/2012,L
SAC,UTA,11/23/2012,L
UTA,SAC,11/23/2012,W
MIN,POR,11/23/2012,L
POR,MIN,11/23/2012,W
LAC,BKN,11/23/2012,L
BKN,LAC,11/23/2012,W
BOS,OKC,11/23/2012,W
MEM,LAL,11/23/2012,W
SAS,IND,11/23/2012,W
IND,SAS,11/23/2012,L
CLE,ORL,11/23/2012,L
ORL,CLE,11/23/2012,W
CHA,ATL,11/23/2012,L
ATL,CHA,11/23/2012,W
DEN,GSW,11/23/2012,W
OKC,BOS,11/23/2012,L
DET,ORL,11/21/2012,L
ORL,DET,11/21/2012,W
MIA,MIL,11/21/2012,W
MIL,MIA,11/21/2012,L
WAS,ATL,11/21/2012,L
ATL,WAS,11/21/2012,W
LAL,SAC,11/21/2012,L
SAC,LAL,11/21/2012,W
TOR,CHA,11/21/2012,L
NYK,DAL,11/21/2012,L
DAL,NYK,11/21/2012,W
PHX,POR,11/21/2012,W
POR,PHX,11/21/2012,L
HOU,CHI,11/21/2012,W
CHI,HOU,11/21/2012,L
GSW,BKN,11/21/2012,W
BKN,GSW,11/21/2012,L
SAS,BOS,11/21/2012,W
BOS,SAS,11/21/2012,L
IND,NOH,11/21/2012,W
NOH,IND,11/21/2012,L
CHA,TOR,11/21/2012,W
PHI,CLE,11/21/2012,L
CLE,PHI,11/21/2012,W
OKC,LAC,11/21/2012,W
LAC,OKC,11/21/2012,L
MIN,DEN,11/21/2012,L
DEN,MIN,11/21/2012,W
NOH,NYK,11/20/2012,L
NYK,NOH,11/20/2012,W
BKN,LAL,11/20/2012,L
LAL,BKN,11/20/2012,W
PHI,TOR,11/20/2012,W
TOR,PHI,11/20/2012,L
GSW,DAL,11/19/2012,W
DAL,GSW,11/19/2012,L
SAS,LAC,11/19/2012,L
LAC,SAS,11/19/2012,W
CHA,MIL,11/19/2012,W
DEN,MEM,11/19/2012,W
MEM,DEN,11/19/2012,L
ATL,ORL,11/19/2012,W
UTA,HOU,11/19/2012,W
HOU,UTA,11/19/2012,L
MIL,CHA,11/19/2012,L
ORL,ATL,11/19/2012,L
IND,WAS,11/19/2012,W
WAS,IND,11/19/2012,L
LAL,HOU,11/18/2012,W
HOU,LAL,11/18/2012,L
DET,BOS,11/18/2012,W
BOS,DET,11/18/2012,L
BKN,SAC,11/18/2012,W
SAC,BKN,11/18/2012,L
CLE,PHI,11/18/2012,L
PHI,CLE,11/18/2012,W
OKC,GSW,11/18/2012,W
TOR,ORL,11/18/2012,W
ORL,TOR,11/18/2012,L
IND,NYK,11/18/2012,L
NYK,IND,11/18/2012,W
GSW,OKC,11/18/2012,L
POR,CHI,11/18/2012,W
CHI,POR,11/18/2012,L
PHX,MIA,11/17/2012,L
MIA,PHX,11/17/2012,W
UTA,WAS,11/17/2012,W
WAS,UTA,11/17/2012,L
CLE,DAL,11/17/2012,L
DAL,CLE,11/17/2012,W
SAS,DEN,11/17/2012,W
DEN,SAS,11/17/2012,L
MIL,NOH,11/17/2012,W
BOS,TOR,11/17/2012,W
TOR,BOS,11/17/2012,L
LAC,CHI,11/17/2012,W
CHI,LAC,11/17/2012,L
NOH,MIL,11/17/2012,L
MEM,CHA,11/17/2012,W
CHA,MEM,11/17/2012,L
DAL,IND,11/16/2012,L
IND,DAL,11/16/2012,W
ORL,DET,11/16/2012,W
DET,ORL,11/16/2012,L
GSW,MIN,11/16/2012,W
PHI,UTA,11/16/2012,W
MIN,GSW,11/16/2012,L
NOH,OKC,11/16/2012,L
OKC,NOH,11/16/2012,W
UTA,PHI,11/16/2012,L
MEM,NYK,11/16/2012,W
NYK,MEM,11/16/2012,L
PHX,LAL,11/16/2012,L
LAL,PHX,11/16/2012,W
POR,HOU,11/16/2012,W
SAC,ATL,11/16/2012,L
ATL,SAC,11/16/2012,W
HOU,POR,11/16/2012,L
MIA,DEN,11/15/2012,W
BOS,BKN,11/15/2012,L
DEN,MIA,11/15/2012,L
NYK,SAS,11/15/2012,W
SAS,NYK,11/15/2012,L
BKN,BOS,11/15/2012,W
IND,MIL,11/14/2012,L
MIL,IND,11/14/2012,W
OKC,MEM,11/14/2012,L
MEM,OKC,11/14/2012,W
DET,PHI,11/14/2012,W
PHI,DET,11/14/2012,L
CHI,PHX,11/14/2012,W
GSW,ATL,11/14/2012,W
ATL,GSW,11/14/2012,L
NOH,HOU,11/14/2012,L
HOU,NOH,11/14/2012,W
MIN,CHA,11/14/2012,L
CHA,MIN,11/14/2012,W
BOS,UTA,11/14/2012,W
UTA,BOS,11/14/2012,L
MIA,LAC,11/14/2012,L
LAC,MIA,11/14/2012,W
WAS,DAL,11/14/2012,L
DAL,WAS,11/14/2012,W
PHX,CHI,11/14/2012,L
TOR,IND,11/13/2012,W
IND,TOR,11/13/2012,L
ORL,NYK,11/13/2012,L
SAS,LAL,11/13/2012,W
LAL,SAS,11/13/2012,L
WAS,CHA,11/13/2012,L
CHA,WAS,11/13/2012,W
CLE,BKN,11/13/2012,L
BKN,CLE,11/13/2012,W
NYK,ORL,11/13/2012,W
POR,SAC,11/13/2012,W
SAC,POR,11/13/2012,L
CHI,BOS,11/12/2012,L
HOU,MIA,11/12/2012,L
MIA,HOU,11/12/2012,W
DAL,MIN,11/12/2012,L
OKC,DET,11/12/2012,W
BOS,CHI,11/12/2012,W
DET,OKC,11/12/2012,L
MIL,PHI,11/12/2012,W
PHI,MIL,11/12/2012,L
MIN,DAL,11/12/2012,W
PHX,DEN,11/12/2012,W
DEN,PHX,11/12/2012,L
TOR,UTA,11/12/2012,L
UTA,TOR,11/12/2012,W
POR,ATL,11/12/2012,L
ATL,POR,11/12/2012,W
LAL,SAC,11/11/2012,W
OKC,CLE,11/11/2012,W
CLE,OKC,11/11/2012,L
MIA,MEM,11/11/2012,L
MEM,MIA,11/11/2012,W
SAC,LAL,11/11/2012,L
LAC,ATL,11/11/2012,W
ATL,LAC,11/11/2012,L
ORL,BKN,11/11/2012,L
BKN,ORL,11/11/2012,W
CHI,MIN,11/10/2012,W
DAL,CHA,11/10/2012,L
POR,SAS,11/10/2012,L
CHA,DAL,11/10/2012,W
IND,WAS,11/10/2012,W
SAS,POR,11/10/2012,W
TOR,PHI,11/10/2012,L
PHI,TOR,11/10/2012,W
UTA,PHX,11/10/2012,W
PHX,UTA,11/10/2012,L
WAS,IND,11/10/2012,L
GSW,DEN,11/10/2012,L
DEN,GSW,11/10/2012,W
BOS,MIL,11/10/2012,W
MIL,BOS,11/10/2012,L
MIN,CHI,11/10/2012,L
DET,HOU,11/10/2012,L
HOU,DET,11/10/2012,W
ATL,MIA,11/09/2012,L
HOU,MEM,11/09/2012,L
MEM,HOU,11/09/2012,W
DAL,NYK,11/09/2012,L
MIA,ATL,11/09/2012,W
NYK,DAL,11/09/2012,W
GSW,LAL,11/09/2012,L
LAL,GSW,11/09/2012,W
WAS,MIL,11/09/2012,L
DET,OKC,11/09/2012,L
OKC,DET,11/09/2012,W
MIL,WAS,11/09/2012,W
IND,MIN,11/09/2012,L
MIN,IND,11/09/2012,W
PHI,BOS,11/09/2012,W
SAC,SAS,11/09/2012,L
SAS,SAC,11/09/2012,W
BOS,PHI,11/09/2012,L
DEN,UTA,11/09/2012,W
UTA,DEN,11/09/2012,L
NOH,CHA,11/09/2012,W
CHA,NOH,11/09/2012,L
ORL,BKN,11/09/2012,L
CLE,PHX,11/09/2012,L
PHX,CLE,11/09/2012,W
BKN,ORL,11/09/2012,W
POR,LAC,11/08/2012,L
LAC,POR,11/08/2012,W
OKC,CHI,11/08/2012,W
CHI,OKC,11/08/2012,L
LAL,UTA,11/07/2012,L
UTA,LAL,11/07/2012,W
CLE,GSW,11/07/2012,L
GSW,CLE,11/07/2012,W
DET,SAC,11/07/2012,L
HOU,DEN,11/07/2012,L
DAL,TOR,11/07/2012,W
TOR,DAL,11/07/2012,L
MIN,ORL,11/07/2012,W
ORL,MIN,11/07/2012,L
SAS,LAC,11/07/2012,L
LAC,SAS,11/07/2012,W
BOS,WAS,11/07/2012,W
WAS,BOS,11/07/2012,L
IND,ATL,11/07/2012,L
ATL,IND,11/07/2012,W
DEN,HOU,11/07/2012,W
SAC,DET,11/07/2012,W
MIA,BKN,11/07/2012,W
BKN,MIA,11/07/2012,L
MEM,MIL,11/07/2012,W
MIL,MEM,11/07/2012,L
NOH,PHI,11/07/2012,L
PHX,CHA,11/07/2012,W
PHI,NOH,11/07/2012,W
CHA,PHX,11/07/2012,L
OKC,TOR,11/06/2012,W
DET,DEN,11/06/2012,L
CHI,ORL,11/06/2012,W
ORL,CHI,11/06/2012,L
DEN,DET,11/06/2012,W
TOR,OKC,11/06/2012,L
LAC,CLE,11/05/2012,L
CLE,LAC,11/05/2012,W
POR,DAL,11/05/2012,L
DAL,POR,11/05/2012,W
BKN,MIN,11/05/2012,L
MIN,BKN,11/05/2012,W
GSW,SAC,11/05/2012,L
SAC,GSW,11/05/2012,W
NYK,PHI,11/05/2012,W
PHX,MIA,11/05/2012,L
MIA,PHX,11/05/2012,W
PHI,NYK,11/05/2012,L
MEM,UTA,11/05/2012,W
UTA,MEM,11/05/2012,L
SAS,IND,11/05/2012,W
IND,SAS,11/05/2012,L
ORL,PHX,11/04/2012,W
PHX,ORL,11/04/2012,L
MIN,TOR,11/04/2012,L
TOR,MIN,11/04/2012,W
OKC,ATL,11/04/2012,L
LAL,DET,11/04/2012,W
ATL,OKC,11/04/2012,W
DET,LAL,11/04/2012,L
NYK,PHI,11/04/2012,W
PHI,NYK,11/04/2012,L
DEN,MIA,11/03/2012,L
NOH,CHI,11/03/2012,W
CLE,MIL,11/03/2012,L
MIL,CLE,11/03/2012,W
SAS,UTA,11/03/2012,W
CHI,NOH,11/03/2012,L
BKN,TOR,11/03/2012,W
TOR,BKN,11/03/2012,L
UTA,SAS,11/03/2012,L
MIA,DEN,11/03/2012,W
POR,HOU,11/03/2012,W
HOU,POR,11/03/2012,L
WAS,BOS,11/03/2012,L
BOS,WAS,11/03/2012,W
LAC,GSW,11/03/2012,L
GSW,LAC,11/03/2012,W
SAC,IND,11/03/2012,L
IND,SAC,11/03/2012,W
DAL,CHA,11/03/2012,W
CHA,DAL,11/03/2012,L
DET,PHX,11/02/2012,L
MIL,BOS,11/02/2012,W
BOS,MIL,11/02/2012,L
CLE,CHI,11/02/2012,L
CHI,CLE,11/02/2012,W
CHA,IND,11/02/2012,W
ORL,DEN,11/02/2012,W
DEN,ORL,11/02/2012,L
IND,CHA,11/02/2012,L
LAC,LAL,11/02/2012,W
LAL,LAC,11/02/2012,L
GSW,MEM,11/02/2012,L
PHX,DET,11/02/2012,W
MIA,NYK,11/02/2012,L
MEM,GSW,11/02/2012,W
OKC,POR,11/02/2012,W
NYK,MIA,11/02/2012,W
ATL,HOU,11/02/2012,L
POR,OKC,11/02/2012,L
NOH,UTA,11/02/2012,W
UTA,NOH,11/02/2012,L
SAC,MIN,11/02/2012,L
MIN,SAC,11/02/2012,W
HOU,ATL,11/02/2012,W
OKC,SAS,11/01/2012,L
SAS,OKC,11/01/2012,W
IND,TOR,10/31/2012,W
TOR,IND,10/31/2012,L
DEN,PHI,10/31/2012,L
PHI,DEN,10/31/2012,W
LAL,POR,10/31/2012,L
POR,LAL,10/31/2012,W
SAS,NOH,10/31/2012,W
UTA,DAL,10/31/2012,W
DAL,UTA,10/31/2012,L
DET,HOU,10/31/2012,L
HOU,DET,10/31/2012,W
GSW,PHX,10/31/2012,W
NOH,SAS,10/31/2012,L
LAC,MEM,10/31/2012,W
MEM,LAC,10/31/2012,L
CHI,SAC,10/31/2012,W
SAC,CHI,10/31/2012,L
PHX,GSW,10/31/2012,L
BOS,MIA,10/30/2012,L
MIA,BOS,10/30/2012,W
WAS,CLE,10/30/2012,L
CLE,WAS,10/30/2012,W
LAL,DAL,10/30/2012,L
DAL,LAL,10/30/2012,W
